path,size_bytes,sha256
README.md,436,50e91f5e366bc239ccb63b84994edecd6203fd958766f5169e1745c4fc362428
analysis/archive_v0_1/pilot_base_metrics.csv,528,523a83b214d4462f593396077badffd38cfc148ad792786916282bc721c1116c
analysis/archive_v0_1/pilot_base_summary.csv,530,e77e04fdfc068b4b86d4afa705da3b54d986d1eeaadc15d634bbc218d5a30514
analysis/archive_v0_1/pilot_intervention_summary.csv,599,9ead59ebf3796514fa18383d3620da6bb642fd41ba8071718f45e6f1b2ca0ee6
analysis/archive_v0_1/pilot_interventions.csv,581,4ef9b4d973ca7c0667d16acd5c425e6600f6c2156e95a1d1d7c2944239a1204d
analysis/archive_v0_1/pilot_probe_metrics.csv,803,bd7a84e577ac4316aeacc67f1a3f2648c3e38e9532c9f0734e8cadc06d871a9a
analysis/archive_v0_1/pilot_probe_summary.csv,827,3e169779213fa743e6394b8f9cf278ff48e6fba4461ada375f4f28a3c448f60b
analysis/cross_subspace_controls_v0_2.py,3289,3e08b77c50cd30d2d08bf67ea609a89eaa126a0823388b9f62800b65345a9b0c
analysis/dynamic_coalition_v0_4.py,2798,373f67880e14f4de1498c9e93b68b7d39cc7d699bec34302c1daee120dbbf892
analysis/dynamic_path_patch_v0_4.py,3142,8e53bdc6a8a2738f078201cb37ffd6bf95bb3a4f0ea0bba09026c39d2c1f20fd
analysis/layer_token_map_v0_3.py,8219,cda595ae968fbc93928866db6d7be691e9d4d76355d096d8b6b71070be828098
analysis/layer_token_probe_angles_fast.py,3947,385b69c8bd2d23d7a73b5e85785e3b504d86c697a677f7aed98ca6cd5baad96a
analysis/p2a_v0_3/factor_subspace_angle_summary.csv,7381,59b9b38d1b0ac0f308b3aa1249e42f09df49b74d6c723901e944bd3d83d1b808
analysis/p2a_v0_3/factor_subspace_angles.csv,7213,f7e8cfc8a52ff58cadfd65e31075de33db451f11d7ea2f5f0004c7accbc7c180
analysis/p2a_v0_3/integrated_query_probe_summary.csv,2698,2b78674f12252996b76901818b9626e8ada5774627a8f89916818e869edc92f8
analysis/p2a_v0_3/layer_token_probe.csv,6796,5d3a37dfbdc595ddc28b07f26405d99fdfb6a73782e7a38a1d56fc5db81f4210
analysis/p2a_v0_3_3seed/factor_subspace_angle_summary_3seed.csv,8080,e1cb6aef30e8bb8e266f490e1749c49403f884d72565e01d536fb2356d28aa5b
analysis/p2a_v0_3_3seed/factor_subspace_angles_3seed.csv,21238,1badb91a7e3d122e0070b7a5740ecd7804e1c95d6d03f20d1bb69dca3a3ead1a
analysis/p2a_v0_3_3seed/integrated_query_probe_summary_3seed.csv,5106,ad7679d1e477db914485daa5c37aee60dbb8c43d8a8299a8f0f912830525d622
analysis/p2a_v0_3_3seed/layer_token_probe_3seed.csv,20945,82db811b3e3787e727186037db6aa4ea02175a144f634bb49809da6cd7191080
analysis/p2a_v0_3_seed16130/factor_subspace_angle_summary.csv,7373,405846ab2137a25ddf680c7b01b4531b5bb5b1898f5f1533b47c4cce8eb186ec
analysis/p2a_v0_3_seed16130/factor_subspace_angles.csv,7205,ecdd4c9ec01d8b25d2568ea5ed116419a35ba2580e6c6d5ad7030502dc879ddd
analysis/p2a_v0_3_seed16130/integrated_query_probe_summary.csv,3047,bc96e004e34b1cbc2e8538a7848137e812c0dbec7a742c500b0776a8bd2adbac
analysis/p2a_v0_3_seed16130/layer_token_probe.csv,7263,50677d705157238decfe37e378f94f4f467752604c31aee07bc4008f5cd41187
analysis/p2a_v0_3_seed16131/factor_subspace_angle_summary.csv,7353,29c9a53e2f7cb14b3fb1dd98d20da711b3f6e57a7b852751dacd06f2c182126f
analysis/p2a_v0_3_seed16131/factor_subspace_angles.csv,7185,f700d03df51265c6643a3eee1ec7b490ba1b50cc441203391f8c5887f5652a17
analysis/p2a_v0_3_seed16131/integrated_query_probe_summary.csv,2847,dd148255f693dd6866fb7a5cd0793ca97a8324d007595cf47a90509c05a3978d
analysis/p2a_v0_3_seed16131/layer_token_probe.csv,7045,5c0f95b2a0964e2dffeaeedb6937675200ea0cfd917e77b3a2af09e9dcba802b
analysis/p2a_v0_3_seed16132/factor_subspace_angle_summary.csv,7381,59b9b38d1b0ac0f308b3aa1249e42f09df49b74d6c723901e944bd3d83d1b808
analysis/p2a_v0_3_seed16132/factor_subspace_angles.csv,7213,f7e8cfc8a52ff58cadfd65e31075de33db451f11d7ea2f5f0004c7accbc7c180
analysis/p2a_v0_3_seed16132/integrated_query_probe_summary.csv,2698,2b78674f12252996b76901818b9626e8ada5774627a8f89916818e869edc92f8
analysis/p2a_v0_3_seed16132/layer_token_probe.csv,6796,5d3a37dfbdc595ddc28b07f26405d99fdfb6a73782e7a38a1d56fc5db81f4210
analysis/p2b_v0_4_3seed/base_metrics_3seed.csv,539,212c4b9700016cc6f59be7d941aac0ef88b9ac0000e5d2e068bdf3c60abd94aa
analysis/p2b_v0_4_3seed/base_summary_3seed.csv,315,62bd2700dae943b2a00f308f5a3f650dd9c432f5f20c02bf89ef66a9a17bf5b1
analysis/p2b_v0_4_3seed/designated_specificity_3seed.csv,1088,9b57c5e956abcc269f0214f74df6bf7e726873a0b5bd1a37497bbbf0a18634cb
analysis/p2b_v0_4_3seed/dynamic_coalition_layer1.csv,4477,90c687bb79f1aa9919d22dd0f9a153231892c3f173af6f264e9d4198a4d963db
analysis/p2b_v0_4_3seed/dynamic_coalition_layer1_summary.csv,2122,69ca5bbb7d7efb32c5164614bd3ffdc4521cbb335ab701cbaa1b3efd9c6ea7bf
analysis/p2b_v0_4_3seed/dynamic_path_patch_3seed.csv,61192,2c28c4151b4a4f8af75314224de67a90f4a5b24623eda2c799b995fe2a615a10
analysis/p2b_v0_4_3seed/path_patch_summary_3seed.csv,11390,ecce1d8a84c66a645ca4e5cdf2e64458b95ba4be2f2a9f0f803ebcdc4fb274ad
analysis/pilot_base_metrics.csv,396,5f7e4a3ef4aeac0402f27d29a1231d3977d219567ded1cba10af7ef07356e5d6
analysis/pilot_base_metrics_all.csv,1184,fb81ed6cf38d871ec7256f652417ae8dfbb9d14309f01529d9d49e6491d5886f
analysis/pilot_base_summary.csv,398,14735b599fd671cbfd8fbc959b2c166dc72b47a8cfdaf51fefc55fe468ce48af
analysis/pilot_base_summary_all.csv,1939,9b3a8186137230f60521d40ac2c887e737b9c7bc846f8ce8241a2a59525254ae
analysis/pilot_cross_subspace_controls_behavior_only.csv,3097,0805a6faaf357d57cf0d614b89d45925397e3cac4765435d7532870ac9d31191
analysis/pilot_intervention_summary.csv,498,bfaef7d3aa3e857decd5a60a43c752612443e681561741ccffb21d0ba8279bb7
analysis/pilot_intervention_summary_all.csv,2781,daa856f9915f0e262df2e47b4ca98ba583f4faf73647b87738440537f2a774ec
analysis/pilot_interventions.csv,480,91d80398dd14b85f1bafeb717a2b850ad861c75c4b8a0f5efac14118a741c6a1
analysis/pilot_interventions_all.csv,1867,49022a460b9885ad79cdbde861c761153b5a1d50713d84f35105a10bca50a842
analysis/pilot_probe_metrics.csv,686,fd1194cbbd66d6bbb3ca842202b808faf2bca208ff71d2e9040fcc5783dac1cd
analysis/pilot_probe_metrics_all.csv,3938,02dbe77ea7b529cc2e8a3868750632d5499dae8f344c1bc234502e790ebeabd6
analysis/pilot_probe_summary.csv,710,d318f1b8b94ccbab1285c6060a1acecb41d73249123ace518952b3e6f16c735f
analysis/pilot_probe_summary_all.csv,2947,516d7f29f24303bd8b850299eef6b53d6090e68dec3276b22b0fbf9554a82008
analysis/pilot_subspace_intervention_summary_all.csv,11109,1cb935e669b28c380aef6051b4162b39503d5d3baa933c647c3498f3e16f9b4f
analysis/pilot_subspace_interventions_all.csv,10686,08feaec5bb5a0103645431a6f8178c689679d845bb8059e1e61d3bf46d36546b
analysis/subspace_intervention_v0_2.py,5252,8496e5c8ca7c399b36d14253db239cbc5d608324c78052b1af3c6c9a14f6a8c5
analysis/token_patch_v0_3.py,2787,659b40c1c27069908e5c7881d864ecec190b281d66286d409a4099a8b71f5bec
configs/pilot_v0_1.json,336,79ea04aa2af6fea1f79a3175fb24caa477fe3407979b9a36eebcb86077819e33
configs/pilot_v0_1_resolved.json,491,fc851206e44437a0c5ed5e7f1b952a616b26b4f4d550d6e588119a7815307ef2
configs/pilot_v0_2.json,774,c7aa2fe94d14968b4b1ec711179e29698149791a4fffccce072745b5498ce5c3
environment/system_info.json,309,d30e68b6b52da3f40483746e8ac9f4d2c5e3c8ff62c8c57fc897d673a4acad57
logs/cross_subspace_behavior_16120.log,1872,cba28515b4947c8061c9bfa5ef9562f4e34db505afcefd625dfdfa1b4044deb6
logs/cross_subspace_behavior_16121.log,1872,7ea6d950727a37ee9a96ab43e5c08c64657a14c9f8651e1ea6a16f4c84dd04ed
logs/cross_subspace_behavior_16122.log,1872,9fd2c497035c5a177895e1d2712de874200f1517f2257633e8ea5ca49469523c
logs/p2a_layer_token_map_v0_3.log,0,e3b0c44298fc1c149afbf4c8996fb92427ae41e4649b934ca495991b7852b855
logs/p2a_probe_angles.log,0,e3b0c44298fc1c149afbf4c8996fb92427ae41e4649b934ca495991b7852b855
logs/p2a_probe_angles_seed16130.log,0,e3b0c44298fc1c149afbf4c8996fb92427ae41e4649b934ca495991b7852b855
logs/p2a_probe_angles_seed16131.log,3398,92a45fd13f18982b7436536999d7bac424f35513f66d3bae50e994eec1c50ad1
logs/p2a_probe_angles_seed16132.log,3398,b9d9d1152c1baa93a4486c722b4163ae92d8fbd8e4b0efd95bbe2b65d0ee9662
logs/p2a_token_patch_all.log,3017,f45ea10d2f3c1c065b5061d185fa554b16225d6c21a87b0823bb56fa35a61bf2
logs/subspace_unified_behavior_only_16120.log,2227,f7c8412d2f95ff55c8a6fcf2d697101e6ebe78f3f9cfe9170251381ff9996331
logs/subspace_unified_behavior_only_16121.log,2227,a6a077a5658e38905d02856134918006fb66f8ffd4c34f88aca2528391ef7c6e
logs/subspace_unified_behavior_only_16122.log,2227,7312c90f9709ff2d59576d6eca251ce08d15f503b48e533aa615569a8943cf9a
logs/subspace_unified_multitask_16120.log,2227,633488a36760930ef9f276833f525e94cba71a20fe797fdc78141ccd8d80e3a6
logs/subspace_unified_multitask_16121.log,2227,52f500d0f1acc9214fb71b5cb937977eb2d8c44877561049f0b1f0c5901eb054
logs/subspace_unified_multitask_16122.log,2227,224f174acb0d93df1f7f5d5238b1c052acca5774d74842abd6ff31c6df4fbc10
logs/token_patch_16131_l2.log,553,9bb722fd612bc8c65aacd946caeb0bc2388e442ad4a013efa129a6908b46840b
logs/token_patch_16132_l0.log,553,f8339dcaf41d7a8c819c6b1f10a512a8837c6408cb2f5c72ba24715b719cf1fb
logs/token_patch_16132_l1.log,598,af690d57dddee57346fa7fd4aa273699d449913577c07f53beb68c7978cf80ec
logs/token_patch_16132_l2.log,553,9bb722fd612bc8c65aacd946caeb0bc2388e442ad4a013efa129a6908b46840b
logs/v0_3_seed16131.log,532,90df8f59052f01fb45be4e027b39e00d3224c09c415125412e4cceb4d9fb9e0f
logs/v0_3_seed16132.log,532,bf81dde3429e75aaced8a8711bcd750a1665dff408745d9cbf4c5e7122098bdd
logs/v0_4_coalition_3seed.log,2976,f83a8f5911d1687147e821694a392861ac500361b1f76a442da4f28cbed06d2e
logs/v0_4_path_patch_16140.log,17115,c1fc7baabaed2cf042bf9bcf7fe5a1ed49fa8fea0dd2ea02d74f134e08c51de9
logs/v0_4_path_patch_16141.log,17115,0b2c9aa49ce0398ecfc98f477ca61fc69f5c56a7a111149ebdccbe75b34a2cad
logs/v0_4_path_patch_16142.log,17115,4e6a325bd4ef72c4175a4d912dae7e6f8c934a01297f25684c95bf045d92c0b9
logs/v0_4_seed16140.log,245,23eaf1b87d50ab22d349ba60709062932c3e94f8ff26a83ec7f54c9521b57135
logs/v0_4_seed16141.log,245,f0c1e1923a087de66f3671a2377df55d74a29a48297f28adef9ace75262720a6
logs/v0_4_seed16142.log,245,06de4edaa34b3cf89a994f212b7c830288ce7c4c2a6ff9c3bb0a092d825920e3
protocol/PILOT_V0_1_DIAGNOSTIC.md,1156,3c1c41a1bfa018e98e8198919ae7634b53a09f9c63960a58573432cd644f0536
protocol/PILOT_V0_3_IDENTIFIABILITY_PLAN.md,1455,81410320efa4ce6ff79124d276c1c9de91f05eb111351a2e25b40c9c9298375e
protocol/PILOT_V0_4_DYNAMIC_IDENTIFIABILITY.md,1752,0b4a928450f27024a9363742ace28a8288d4880f2aa631cf190bc56677596f68
protocol/V16E_PRE_DGX_EXECUTION_PLAN_KO_v1_1.md,5460,97eeb854fcff93703c62f9ef42d68f7fdcb0f43284839a2d74d5ee8bc8cebae2
protocol/V16E_PRE_DGX_EXECUTION_PLAN_KO_v1_2.md,1688,69ab74f81b7cf0882780dc41d5593e466d547b05e6adbf11025fc392b50fb7db
protocol/V16_PRE_DGX_MASTER_PLAN_KO_v1_0.md,4738,5de66cf418cf029cb96430b8a0d4752b5b5d3952aa08f64bf42fa52b15d76e32
protocol/pilot_protocol_v0_1.md,1945,4a7a66bd7d1db4e525d3e166f95cd59a5b525da8a893fa483af85d9b4b0de586
protocol/pilot_snapshots/v0_1/pilot_v0_1.json,336,79ea04aa2af6fea1f79a3175fb24caa477fe3407979b9a36eebcb86077819e33
protocol/pilot_snapshots/v0_1/v16e_emergent_factorization.py,26222,78263c191448b4dc68561c76eb268db633a355cb0ea593cc28451a05ee042fbc
protocol/pilot_snapshots/v0_2/pilot_v0_2.json,774,c7aa2fe94d14968b4b1ec711179e29698149791a4fffccce072745b5498ce5c3
protocol/pilot_snapshots/v0_2/v16e_emergent_factorization.py,26467,c0b581d5a190b2558fe875a37b53cabc7303e4433664bf64dfc1a41e17bed2dd
protocol/pilot_snapshots/v0_3/v16e_multicontext.py,10633,c5a72e79b9bc064636cbbc83664a08efc95bb36f806d9c671d6646f7dec89b62
raw/archive_v0_1/unified_behavior_only_seed16120/base_metrics.csv,548,3699bd76f74559998a4695e428d3a38e0ebaeb762778b47464fe9e3411f5b123
raw/archive_v0_1/unified_behavior_only_seed16120/checkpoint.pt,433461,dada9b87a67c8ed8e40f5be6970f13ca43383a34354d6212da7e4e21078c0220
raw/archive_v0_1/unified_behavior_only_seed16120/interventions.csv,604,3622f708a34b8adb009951f62751fb1d83a1453934e287bdfe322b4f34309c93
raw/archive_v0_1/unified_behavior_only_seed16120/metadata.json,896,36c2174639c80d759e26a9051b3fab92493131f9e277edde79db6f86f223492a
raw/archive_v0_1/unified_behavior_only_seed16120/probe_metrics.csv,850,0cd771f09098ce7a6599ad1727de3b1216baa2c9122016ce4314cc8eb79b30cd
raw/archive_v0_1/unified_behavior_only_seed16120/selected_layer.json,63,a340a5dcdcca0529ff7e42b9927ba2d2b09f7e5b02ec8567ac6edab333641cbe
raw/archive_v0_1/unified_behavior_only_seed16120/train_history.csv,2754,f5b29b4716d4d22d7126e80c4a77efe8e5d31c2bd2831a89dee348cd60654dbf
raw/archive_v0_1/unified_multitask_seed16120/base_metrics.csv,528,523a83b214d4462f593396077badffd38cfc148ad792786916282bc721c1116c
raw/archive_v0_1/unified_multitask_seed16120/checkpoint.pt,433461,abada94e418b2ad146493c47fb0d2f8546da59679608913213de14e1f6084bf3
raw/archive_v0_1/unified_multitask_seed16120/interventions.csv,581,4ef9b4d973ca7c0667d16acd5c425e6600f6c2156e95a1d1d7c2944239a1204d
raw/archive_v0_1/unified_multitask_seed16120/metadata.json,892,bf985be00de017637aa1588c3121769018512346a600e567c7c613d3c1e085f3
raw/archive_v0_1/unified_multitask_seed16120/probe_metrics.csv,803,bd7a84e577ac4316aeacc67f1a3f2648c3e38e9532c9f0734e8cadc06d871a9a
raw/archive_v0_1/unified_multitask_seed16120/selected_layer.json,63,a340a5dcdcca0529ff7e42b9927ba2d2b09f7e5b02ec8567ac6edab333641cbe
raw/archive_v0_1/unified_multitask_seed16120/train_history.csv,3151,9ecc2df9de29dc96596e9562df589d5f895b22b7cff9af2f6d8aa85c53dea413
raw/pilot/unified_behavior_only_seed16120/base_metrics.csv,492,54e71c2e6b1b732f2f7c50ee6308c18b1280dd0ae7cb77fb563a35f72cdc4a0e
raw/pilot/unified_behavior_only_seed16120/checkpoint.pt,434293,e5da4ccd0cb068330fd67c9fd955521ec98ea7bbd5d6c43ce69272faf19e8b96
raw/pilot/unified_behavior_only_seed16120/cross_subspace_controls.csv,1136,8d8379a485d4c6a812b1d3ea6a50d8fb6dbd21f506e7f5f031d3db42d47b7551
raw/pilot/unified_behavior_only_seed16120/interventions.csv,449,7529177e8523ac36ab74f5e97ba9f6521f914d6179a92cdb6e990fb643b70a07
raw/pilot/unified_behavior_only_seed16120/metadata.json,894,a46c574c8f577b4947f52fb7eb57c250105941d8e202ab853915e44712a109b2
raw/pilot/unified_behavior_only_seed16120/probe_metrics.csv,787,4c8b78503a8aa319023f125fcac1314af99c2ece18cc1c027918127f771dc7e2
raw/pilot/unified_behavior_only_seed16120/selected_layer.json,63,a340a5dcdcca0529ff7e42b9927ba2d2b09f7e5b02ec8567ac6edab333641cbe
raw/pilot/unified_behavior_only_seed16120/subspace_interventions.csv,2107,e69ee88ad8bcb6b819d59876ffb51ae950e6156738887b49256405d564bf0d4a
raw/pilot/unified_behavior_only_seed16120/train_history.csv,2961,1aedd85966b81ed040dad0155776494f78714b38202a0f4dfbe3d25dff5b1c3f
raw/pilot/unified_behavior_only_seed16121/base_metrics.csv,490,f12e7847415f1252467ad3d9861d51e907ef2dbafb0ba4d35e69a09e5fc95443
raw/pilot/unified_behavior_only_seed16121/checkpoint.pt,434293,3bb937d29007ff237af9f830d7ab5ec16aec0b17377fe99e2ff5698156d201e0
raw/pilot/unified_behavior_only_seed16121/cross_subspace_controls.csv,1134,3342aeb86ef74c332602919fe887b1b21511a22bc5fd1e14473916e17e207c5d
raw/pilot/unified_behavior_only_seed16121/interventions.csv,432,c021a1de2d77a2a122e7aa5fc03defa50f06468d12c5ab3fd3394a553efb03c8
raw/pilot/unified_behavior_only_seed16121/metadata.json,895,fb920f11d928cdb359c126435fb77ef4bae20504b47a2a66781c1b769a510021
raw/pilot/unified_behavior_only_seed16121/probe_metrics.csv,776,02f066a0a90c0252656b293800bab68904b9abd901f7595d40f36aa7affd7484
raw/pilot/unified_behavior_only_seed16121/selected_layer.json,63,d6f95f0919c5af899af12ab855a02f8cd7fef2b8eb9f1e86737f23467c2792c1
raw/pilot/unified_behavior_only_seed16121/subspace_interventions.csv,2151,7c0eba4322e9e6c08684f1b240f6fd975c88baccc5e8cdfb240c3bb4aff0463a
raw/pilot/unified_behavior_only_seed16121/train_history.csv,2935,c5f8cbe06c498b1c08939cfaf9100624beedc25672290926d33b9b4134446fd1
raw/pilot/unified_behavior_only_seed16122/base_metrics.csv,489,5724e522235b3aba10eaf897b41e997442e5527881b96fd91c71ef449f257838
raw/pilot/unified_behavior_only_seed16122/checkpoint.pt,434293,f6229885121f93a4a0a8c5cb574c001a83865c7f6d16b3f84fb5755bb2762521
raw/pilot/unified_behavior_only_seed16122/cross_subspace_controls.csv,1092,8e51300e114e3e6f3d4cd38a466fe64406247553caa974f363595d9beb787000
raw/pilot/unified_behavior_only_seed16122/interventions.csv,472,f6d483bf75420b904c8999cbfd20a342a0db11e87687c9cad27250eb12bd47ad
raw/pilot/unified_behavior_only_seed16122/metadata.json,895,61fb9b5d617bc67021c6327a5ee8f8264cff24bae22c74223b89845f9185a432
raw/pilot/unified_behavior_only_seed16122/probe_metrics.csv,780,cafd62bce28a26a77a2f05c360ecbd24e07db8e944883995a7a49867dd1f89c9
raw/pilot/unified_behavior_only_seed16122/selected_layer.json,63,6afbfc2a3b3d71f822129a91c983b971cdc9d6ff5de71f6ff76520a59b4b17f9
raw/pilot/unified_behavior_only_seed16122/subspace_interventions.csv,2147,045cd38c09fb0031d9b3ffa23fe4d0fa6b7312a86325bb94a0fe542e3e5d30f5
raw/pilot/unified_behavior_only_seed16122/train_history.csv,2982,51045aa9b2efe44293dc0c1ed1e1b43dc847984e981a6db6fb598606741c5ce3
raw/pilot/unified_multitask_seed16120/base_metrics.csv,395,272f87e1ad3190b58d17f44d1bc9f7ff2c370fbaca29ca44b48620521668771a
raw/pilot/unified_multitask_seed16120/checkpoint.pt,434293,9205eae134e7e9a028ffdcb0eaefc253ca25fc7783f5ea2b23560b2ed94a6dd6
raw/pilot/unified_multitask_seed16120/interventions.csv,511,fd8a8589c69b2ebfb57af2750d1c7215db21a25ad1d11e03932eff3c365fa729
raw/pilot/unified_multitask_seed16120/metadata.json,890,53d3264b429fdda2a4c07690b0af4bac3e634631b603fb6a65890dbbd5c93485
raw/pilot/unified_multitask_seed16120/probe_metrics.csv,582,b8a0b483c373a61666e7d2e8e439d09765150a0ea7c0ff3471abfae30f8e3cbd
raw/pilot/unified_multitask_seed16120/selected_layer.json,63,6afbfc2a3b3d71f822129a91c983b971cdc9d6ff5de71f6ff76520a59b4b17f9
raw/pilot/unified_multitask_seed16120/subspace_interventions.csv,1763,d2f24d27a4d6a2c66547bff7b23c4a19205b2197ed1e93e02ed9f6a1372f8f5c
raw/pilot/unified_multitask_seed16120/train_history.csv,3401,b8f0c33c007464ee784f506b9c40777755c50f5551fb0f758e74a3d4e81b639c
raw/pilot/unified_multitask_seed16121/base_metrics.csv,395,037cf16f7f511f568c9d830d2499bd98dacfe539359b1ed97fc7d5d508f84718
raw/pilot/unified_multitask_seed16121/checkpoint.pt,434293,aa1dd87bba83428f0d70dddca759815d5b8c7fd8d312d8faa95e63553ad3a518
raw/pilot/unified_multitask_seed16121/interventions.csv,507,f62670835472dc21821745b9beaab5f539c5865491003cbcc8e36c277ac57c62
raw/pilot/unified_multitask_seed16121/metadata.json,890,182d8aa1f2058a5d824b38fee72cade292857d980fa69209d9708e0294349c63
raw/pilot/unified_multitask_seed16121/probe_metrics.csv,626,2f5c3040bd50396198ec3b33748273790a2e12913fc09c9d1bcf30cfed44a0e5
raw/pilot/unified_multitask_seed16121/selected_layer.json,63,6afbfc2a3b3d71f822129a91c983b971cdc9d6ff5de71f6ff76520a59b4b17f9
raw/pilot/unified_multitask_seed16121/subspace_interventions.csv,1861,6f1cc2248f0eb839572c6231f143a0e1ab129de0e50123563ecc7e67827077f9
raw/pilot/unified_multitask_seed16121/train_history.csv,3435,4c7414b8fcc1d4c8aaf32d75e630908e4aa399cbd54de2bedb958e3c2228ae53
raw/pilot/unified_multitask_seed16122/base_metrics.csv,396,5f7e4a3ef4aeac0402f27d29a1231d3977d219567ded1cba10af7ef07356e5d6
raw/pilot/unified_multitask_seed16122/checkpoint.pt,434293,93c628b5a08ad154aa5d12f02c0a004fb72bcbc673eabac7abfc6380b80a738b
raw/pilot/unified_multitask_seed16122/interventions.csv,480,91d80398dd14b85f1bafeb717a2b850ad861c75c4b8a0f5efac14118a741c6a1
raw/pilot/unified_multitask_seed16122/metadata.json,890,f1cf65689107db8222159983338d3daf49f7ffaeebeee9ed09387b8728f7781c
raw/pilot/unified_multitask_seed16122/probe_metrics.csv,686,fd1194cbbd66d6bbb3ca842202b808faf2bca208ff71d2e9040fcc5783dac1cd
raw/pilot/unified_multitask_seed16122/selected_layer.json,63,6afbfc2a3b3d71f822129a91c983b971cdc9d6ff5de71f6ff76520a59b4b17f9
raw/pilot/unified_multitask_seed16122/subspace_interventions.csv,1807,cc51b7f66662761801d2a6a244beaa5459398e23da5dd19a360ff3310650b535
raw/pilot/unified_multitask_seed16122/train_history.csv,3448,8e78d1c136b400ce03667be810a5ccc9baa007f2ed073245e1bdba8b7b7494a6
raw/pilot_v0_3/behavior_only_seed16130/checkpoint.pt,412213,0e3c281bb0c579d1bc57dfdcc12d70f0ef51e1f57807d5e5c3512ee40081840a
raw/pilot_v0_3/behavior_only_seed16130/history.csv,1472,31bdd77e2632578e4c069d9f5ba035f5a672954e3cec022ac0878929be110ce2
raw/pilot_v0_3/behavior_only_seed16130/intervention_matrix.csv,2420,50a0709c374f34b15c1cfce104fe0cb2e44ecc323d292f0179880237fd75749e
raw/pilot_v0_3/behavior_only_seed16130/metadata.json,402,b68605bf24b517fda2566539445779e088039df09fe2c44058e84bbeadfdc77b
raw/pilot_v0_3/behavior_only_seed16130/probe_cross_query.csv,457,2f1e1f2534bc4c70723fa8ea6458ccfc43c8a9a9f80c93893f93fd5d7c69f447
raw/pilot_v0_3/behavior_only_seed16130/query_metrics.csv,97,38e491f4050f7ab133e5771b5c79b0d05fdc2e9548866b489632c48560968fcf
raw/pilot_v0_3/behavior_only_seed16130/token_patch_layer0.csv,2691,477fd04c2bacac7c7ed966374a189b48495b726dd5c409ec9e1adb948bc78db0
raw/pilot_v0_3/behavior_only_seed16130/token_patch_layer1.csv,2806,972443d0c0bd0c1f03cc109502e48e08c1c9f7ef30280b6e1a34e51e6d858d39
raw/pilot_v0_3/behavior_only_seed16130/token_patch_layer2.csv,2691,bfff1640201d8108d6e3d1c25e0f42d057610074488e29c1ec56a97e791b5e78
raw/pilot_v0_3/behavior_only_seed16131/checkpoint.pt,412213,fe4845322232488fc98cae891075d2fc35d9515d989e3750f30ba0e65e18c641
raw/pilot_v0_3/behavior_only_seed16131/history.csv,1462,5dce8db1d0148b05050a004cef4a0241b567ecd52729a8246105719279669c93
raw/pilot_v0_3/behavior_only_seed16131/intervention_matrix.csv,2465,67101e50dd3cf43a616dda5027801e1a5360a2356e3c789d71ae47650659814f
raw/pilot_v0_3/behavior_only_seed16131/metadata.json,402,ffa2341e4507d13d3e432b3bff77897bee30186352f8a3a6cf7fc10b1c6d2b3e
raw/pilot_v0_3/behavior_only_seed16131/probe_cross_query.csv,459,f46e8be5e6f7c07e3a1ef63f75853cd08d0e9a74274246336143ac13ec865106
raw/pilot_v0_3/behavior_only_seed16131/query_metrics.csv,97,0084df07f5b2965c499645f955a5ebb228b23989a2d7649cce22cbf209fa0c5e
raw/pilot_v0_3/behavior_only_seed16131/token_patch_layer0.csv,2661,aef4fb4fcc356ba81609df3f90c23271027ff94326103fe4e6d9906fe48d5341
raw/pilot_v0_3/behavior_only_seed16131/token_patch_layer1.csv,2925,538efb2d9ee704635b5a4b9d20fa1864fe76e12817878179df1ece4b8c4c8b2c
raw/pilot_v0_3/behavior_only_seed16131/token_patch_layer2.csv,2660,0c85a203d50e974f90620bf87fec8cff447ae75bd052d15e51590bd9b2b64ec6
raw/pilot_v0_3/behavior_only_seed16132/checkpoint.pt,412213,eca8bec61038a571e1dad31f1a66620ccb3450272c6cd5dcc62f885d31d6760d
raw/pilot_v0_3/behavior_only_seed16132/history.csv,1472,d7173f2d8a6160f68d6a5f4cb34e52ddb4e54ded47adb914dfbdd8f248b4c0c6
raw/pilot_v0_3/behavior_only_seed16132/intervention_matrix.csv,2498,c7c56df3ea77ebb7292c071dd39c804704c5ba7d569f07084c829dbeb81594aa
raw/pilot_v0_3/behavior_only_seed16132/metadata.json,402,127c9f755e8b05d81124499262c19c3363108e2ca0f71b42e4b0745d09669917
raw/pilot_v0_3/behavior_only_seed16132/probe_cross_query.csv,456,555cf7a4ece750f7023364a81dde725bf320ecbf7d77a55402e5cf2cd1756809
raw/pilot_v0_3/behavior_only_seed16132/query_metrics.csv,97,f6b342eb67d8e9993cf71a37862ef39b5ab4265ff868e3e0681e482a95635ded
raw/pilot_v0_3/behavior_only_seed16132/token_patch_layer0.csv,2676,18d8bfab308c528e773aee07c6731732064ae416a76f2ef4e8badd22c7906d8c
raw/pilot_v0_3/behavior_only_seed16132/token_patch_layer1.csv,2790,afc7fcbb0b84e129b6bac711531bbca7f47131f9b4da1ca0d89201419298b7e9
raw/pilot_v0_3/behavior_only_seed16132/token_patch_layer2.csv,2676,ebe01de7caab0530d9dff93d3d9f69c607cf43ae91d772a910ccec7ae03dbc25
raw/pilot_v0_4/dynamic_behavior_only_seed16140/base_metrics.csv,214,776d72405961ff724a26074eafac4f9a6b5d0c308f44b4aa0f66cc487d30c237
raw/pilot_v0_4/dynamic_behavior_only_seed16140/checkpoint.pt,396213,a805d4308f487bd312f1606e72b78f0ed1fa424dca2c5291c6af369d68f5cbb2
raw/pilot_v0_4/dynamic_behavior_only_seed16140/dynamic_path_patch.csv,20645,9cbb267340235b58455ea85922d467e467c3e85baa57f61d926d4bd00404d02f
raw/pilot_v0_4/dynamic_behavior_only_seed16140/dynamic_path_patch_summary.csv,9631,4c4466131cd367ad02912b9c76bdcd31fed5f7f500a3cd038dc770f1ebc2a4b9
raw/pilot_v0_4/dynamic_behavior_only_seed16140/history.csv,1503,5612cedda601640b93a97cef22c19c95377d811c05ee4f82a177479f5b5acf66
raw/pilot_v0_4/dynamic_behavior_only_seed16140/metadata.json,385,7a059b384ac8cb683faed587513a4e74356f9e698d1b835f22c0a37b121ddbc9
raw/pilot_v0_4/dynamic_behavior_only_seed16141/base_metrics.csv,214,e36bc811ec6c40b83ffd2b8562bd00b1e584c24211d16f41c23abd4d2cedd439
raw/pilot_v0_4/dynamic_behavior_only_seed16141/checkpoint.pt,396213,6be717aeddfc7859648efb0d149c002b97e9cb5774254ee0bcc22c219ac90ff0
raw/pilot_v0_4/dynamic_behavior_only_seed16141/dynamic_path_patch.csv,20781,ef23af966644d946ad5ee27c91ee778afddee1b1a64c1cf64dab4a0bb04d9c9a
raw/pilot_v0_4/dynamic_behavior_only_seed16141/dynamic_path_patch_summary.csv,9757,bf09fefdb447c785c778a3fc8dac2e26566efd61dfae71d1c9b6153ca0ef0e47
raw/pilot_v0_4/dynamic_behavior_only_seed16141/history.csv,1497,5c89c22e917d315b5186f58a0921829d0d8c892efe891adce365f6291a1afd80
raw/pilot_v0_4/dynamic_behavior_only_seed16141/metadata.json,385,1adf09d4266dfd8f1f98e51d2be22d7d2613ad32bcaf9ca9954fbebbaf8344bc
raw/pilot_v0_4/dynamic_behavior_only_seed16142/base_metrics.csv,213,6a212f40211ee1d22035053723bceab7ccc93c212b2fc29e6128280a7221c789
raw/pilot_v0_4/dynamic_behavior_only_seed16142/checkpoint.pt,396213,d51d4ac6929c9569c9ccbc1b66d2042d759ad5e7ab8bbaeacefb705c4a778e5d
raw/pilot_v0_4/dynamic_behavior_only_seed16142/dynamic_path_patch.csv,20872,d17e91ea4b841e7ae911d4bc0f70143c84da6ed3d7068af94d0c8387a0bfa6e0
raw/pilot_v0_4/dynamic_behavior_only_seed16142/dynamic_path_patch_summary.csv,9846,1debd7695785a4d6a09bdf7419c3c3806dba9884693331d9dfa8977aa75468a4
raw/pilot_v0_4/dynamic_behavior_only_seed16142/history.csv,1490,3a7aac05394f6ea1bfe8df1f48cda59ee94ffcfbebf81fdda0baf7a35fbc92f1
raw/pilot_v0_4/dynamic_behavior_only_seed16142/metadata.json,385,d3f1a7e1af5fd0d968481db0694bc94c0ac1b32252b9fb37ed59da83266dd64d
reports/V16E_PRE_DGX_PROGRESS_REPORT_KO_v0_3.md,8989,4fca84dd5d5f9deb70348ef7afad2772e7e5252ed700ac704c6398579e43152f
reports/V16E_PRE_DGX_PROGRESS_REPORT_KO_v0_4.md,8029,c4e12e428fb13cb610ac27946708ea970f74e844d23f227d5bb95d2ec7d3f5f8
reproduce_audit.sh,881,f8f71724422310f32bf7f81e47da9817289bbe6e674378667cf9f064709369eb
reproduce_smoke_test.sh,561,71ae395de5e40a795074b2676f2e9bc4b20996e57a6d53933f0e252eab0b8c5c
run_registry.csv,297,07494865efeb5f5f072239663bcbdcb9b911458a41d10acd9b1f5985d385509f
run_registry_all.csv,2668,70982359c4606f4c4aaa9c86fbcab2cfb868815765be3d8dd2dd68e0d51773c4
src/v16e_emergent_factorization.py,26750,4e4f57e0de433f61488dd222aa6c574f0e62fd67ed3eedb31584e9c6f22a81e6
src_v0_3/v16e_multicontext.py,10633,c5a72e79b9bc064636cbbc83664a08efc95bb36f806d9c671d6646f7dec89b62
src_v0_4/v16e_dynamic.py,8950,3b333a2054aa1c2eb7ec68a92d7820f448b1451296754d41312da10d64c91b85
